{
  "raw_forward_ms_per_token": 175.09056557901204,
  "raw_forward_tok_s": 5.7113300005232785,
  "hf_generate_ms_per_token": 180.81961560528725,
  "hf_generate_tok_s": 5.530373442353229,
  "hf_overhead_ms": 5.7290500262752175,
  "hf_overhead_pct": 3.1683786115225527,
  "per_token_timings_ms": [
    176.60085018724203,
    176.12985987216234,
    175.81858532503247,
    175.38993200287223,
    174.51768089085817,
    174.6316677890718,
    174.7293989174068,
    174.6370759792626,
    174.7033824212849,
    174.6101314201951,
    174.85497100278735,
    174.49380783364177,
    176.19177978485823,
    175.14870781451464,
    175.36781867966056,
    174.75631181150675,
    174.9273887835443,
    174.69567013904452,
    174.6707409620285,
    174.93554996326566
  ],
  "cuda_time_ms": 17.3,
  "cpu_time_ms": 189.0,
  "cpu_gpu_ratio": 10.92485549132948
}